field,ra,dec,ebv
1,0.0,-89.05,0.16399142146110535
2,90.0,-89.05,0.15228812396526337
3,180.0,-89.05,0.14326488971710205
4,270.0,-89.05,0.1615772247314453
5,16.36364,-81.85,0.11201904714107513
6,49.09091,-81.85,0.0728052482008934
7,81.81818,-81.85,0.14327508211135864
8,114.54545,-81.85,0.2213309407234192
9,147.27273,-81.85,0.12857967615127563
10,180.0,-81.85,0.21985091269016266
11,212.72727,-81.85,0.20395956933498383
12,245.45455,-81.85,0.15074290335178375
13,278.18182,-81.85,0.13422274589538574
14,310.90909,-81.85,0.1719631552696228
15,343.63636,-81.85,0.1646290421485901
16,10.58824,-74.65,0.05720524862408638
17,31.76471,-74.65,0.06470548361539841
18,52.94118,-74.65,0.11062640696763992
19,74.11765,-74.65,0.09105300903320312
20,95.29412,-74.65,0.1631685495376587
22,137.64706,-74.65,0.13187162578105927
24,180.0,-74.65,0.25144141912460327
25,201.17647,-74.65,0.23613078892230988
26,222.35294,-74.65,0.2148076742887497
27,243.52941,-74.65,0.1147659569978714
28,264.70588,-74.65,0.1005159541964531
29,285.88235,-74.65,0.1575692743062973
30,307.05882,-74.65,0.07088800519704819
31,328.23529,-74.65,0.07286469638347626
32,349.41176,-74.65,0.036679334938526154
33,7.82609,-67.45,0.023354265838861465
34,23.47826,-67.45,0.025064785033464432
35,39.13043,-67.45,0.036662302911281586
36,54.78261,-67.45,0.058444179594516754
37,70.43478,-67.45,0.0632467120885849
39,101.73913,-67.45,0.0654962882399559
40,117.3913,-67.45,0.13292810320854187
41,133.04348,-67.45,0.11007612198591232
42,148.69565,-67.45,0.2329966127872467
48,242.6087,-67.45,0.16953721642494202
49,258.26087,-67.45,0.10728916525840759
50,273.91304,-67.45,0.1605178415775299
51,289.56522,-67.45,0.060584817081689835
52,305.21739,-67.45,0.04632231965661049
53,320.86957,-67.45,0.036257363855838776
54,336.52174,-67.45,0.033717185258865356
55,352.17391,-67.45,0.04237890988588333
56,6.2069,-60.25,0.019850289449095726
57,18.62069,-60.25,0.02672944962978363
58,31.03448,-60.25,0.032634422183036804
59,43.44828,-60.25,0.02718432992696762
60,55.86207,-60.25,0.07300271838903427
61,68.27586,-60.25,0.026711398735642433
62,80.68966,-60.25,0.033467113971710205
63,93.10345,-60.25,0.04469180479645729
64,105.51724,-60.25,0.13840550184249878
65,117.93103,-60.25,0.20695319771766663
66,130.34483,-60.25,0.24978119134902954
77,266.89655,-60.25,0.13910382986068726
78,279.31034,-60.25,0.08275671303272247
79,291.72414,-60.25,0.06866344809532166
80,304.13793,-60.25,0.04817228391766548
81,316.55172,-60.25,0.0771806612610817
82,328.96552,-60.25,0.04549797251820564
83,341.37931,-60.25,0.027418404817581177
84,353.7931,-60.25,0.021388785913586617
85,0.0,-53.05,0.024717332795262337
86,10.58824,-53.05,0.02044674940407276
87,21.17647,-53.05,0.024735359475016594
88,31.76471,-53.05,0.031734537333250046
89,42.35294,-53.05,0.03602278605103493
90,52.94118,-53.05,0.031702496111392975
91,63.52941,-53.05,0.020908022299408913
92,74.11765,-53.05,0.014712088741362095
93,84.70588,-53.05,0.07077493518590927
94,95.29412,-53.05,0.08137597143650055
95,105.88235,-53.05,0.17216412723064423
102,180.0,-53.05,0.23060891032218933
103,190.58824,-53.05,0.2662036120891571
111,275.29412,-53.05,0.15333983302116394
112,285.88235,-53.05,0.08014141768217087
113,296.47059,-53.05,0.05610673129558563
114,307.05882,-53.05,0.051001615822315216
115,317.64706,-53.05,0.040550775825977325
116,328.23529,-53.05,0.020774733275175095
117,338.82353,-53.05,0.019677812233567238
118,349.41176,-53.05,0.016809914261102676
119,0.0,-45.85,0.012015840038657188
120,9.47368,-45.85,0.014217184856534004
121,18.94737,-45.85,0.020031867548823357
122,28.42105,-45.85,0.0280461348593235
123,37.89474,-45.85,0.02051078900694847
124,47.36842,-45.85,0.02643158845603466
125,56.84211,-45.85,0.019065257161855698
126,66.31579,-45.85,0.023131344467401505
127,75.78947,-45.85,0.024551773443818092
128,85.26316,-45.85,0.06277219951152802
129,94.73684,-45.85,0.05468299239873886
130,104.21053,-45.85,0.1299753040075302
131,113.68421,-45.85,0.22526809573173523
135,151.57895,-45.85,0.2679433524608612
137,170.52632,-45.85,0.1877564936876297
138,180.0,-45.85,0.16378910839557648
139,189.47368,-45.85,0.19491854310035706
140,198.94737,-45.85,0.14325781166553497
141,208.42105,-45.85,0.1768198013305664
142,217.89474,-45.85,0.2797416150569916
148,274.73684,-45.85,0.1653902232646942
149,284.21053,-45.85,0.07447413355112076
150,293.68421,-45.85,0.08117345720529556
151,303.15789,-45.85,0.052890852093696594
152,312.63158,-45.85,0.050220929086208344
153,322.10526,-45.85,0.03214024752378464
154,331.57895,-45.85,0.01848505437374115
155,341.05263,-45.85,0.01522023230791092
156,350.52632,-45.85,0.00873516034334898
157,3.76926,-38.65,0.025935353711247444
158,12.25,-38.65,0.01648038811981678
159,20.73074,-38.65,0.02837231382727623
160,29.21148,-38.65,0.02357691340148449
161,37.69222,-38.65,0.028024306520819664
162,46.17296,-38.65,0.01977268047630787
163,54.6537,-38.65,0.01903604529798031
164,63.13444,-38.65,0.016111692413687706
165,71.61519,-38.65,0.0248134545981884
166,80.09593,-38.65,0.05390232428908348
167,88.57667,-38.65,0.05076940730214119
168,97.05741,-38.65,0.16607657074928284
169,105.53815,-38.65,0.199729323387146
173,139.842,-38.65,0.23522315919399261
174,148.57667,-38.65,0.21937702596187592
175,157.31133,-38.65,0.09455747902393341
176,166.046,-38.65,0.14373387396335602
177,174.78067,-38.65,0.14139403402805328
178,183.51533,-38.65,0.10703112930059433
179,192.25,-38.65,0.10076881945133209
180,200.98467,-38.65,0.09514207392930984
181,209.71933,-38.65,0.12369412183761597
182,218.454,-38.65,0.19667062163352966
183,227.18867,-38.65,0.14834296703338623
184,235.92333,-38.65,0.28632020950317383
189,278.96185,-38.65,0.17430128157138824
190,287.44259,-38.65,0.13186904788017273
191,295.92333,-38.65,0.12480264902114868
192,304.40407,-38.65,0.07380641251802444
193,312.88481,-38.65,0.05701928213238716
194,321.36556,-38.65,0.11128535121679306
195,329.8463,-38.65,0.0232609324157238
196,338.32704,-38.65,0.02383427694439888
197,346.80778,-38.65,0.016791656613349915
198,355.28852,-38.65,0.020204804837703705
199,0.62682,-31.45,0.017135024070739746
200,8.37561,-31.45,0.020268788561224937
201,16.12439,-31.45,0.022039102390408516
202,23.87318,-31.45,0.021287376061081886
203,31.62196,-31.45,0.023349827155470848
204,39.37075,-31.45,0.02079705521464348
205,47.11954,-31.45,0.01972672902047634
206,54.86832,-31.45,0.014886715449392796
207,62.61711,-31.45,0.022925568744540215
208,70.36589,-31.45,0.034457411617040634
209,78.11468,-31.45,0.017632314935326576
210,85.86346,-31.45,0.03431498259305954
211,93.61225,-31.45,0.05462973564863205
212,101.36104,-31.45,0.11132389307022095
213,109.10982,-31.45,0.16275157034397125
216,132.6525,-31.45,0.29356300830841064
217,140.59883,-31.45,0.2192683070898056
218,148.54517,-31.45,0.1232166439294815
219,156.4915,-31.45,0.09604126960039139
220,164.43783,-31.45,0.11542811244726181
221,172.38417,-31.45,0.07582307606935501
222,180.3305,-31.45,0.08297079801559448
223,188.27683,-31.45,0.09736701101064682
224,196.22317,-31.45,0.11163893342018127
225,204.1695,-31.45,0.06096580624580383
226,212.11583,-31.45,0.082117959856987
227,220.06217,-31.45,0.12390010058879852
228,228.0085,-31.45,0.22302202880382538
229,235.95483,-31.45,0.14694038033485413
235,283.13896,-31.45,0.2491181194782257
236,290.88775,-31.45,0.10968366265296936
237,298.63654,-31.45,0.14080336689949036
238,306.38532,-31.45,0.08023076504468918
239,314.13411,-31.45,0.12593859434127808
240,321.88289,-31.45,0.06836242973804474
241,329.63168,-31.45,0.02818833291530609
242,337.38046,-31.45,0.015624336898326874
243,345.12925,-31.45,0.025540543720126152
244,352.87804,-31.45,0.021474942564964294
245,1.16039,-24.25,0.024680113419890404
246,8.55346,-24.25,0.02250560186803341
247,15.94654,-24.25,0.023368196561932564
248,23.33961,-24.25,0.017667029052972794
249,30.73268,-24.25,0.019757216796278954
250,38.12575,-24.25,0.03427116572856903
251,45.51882,-24.25,0.021513711661100388
252,52.91189,-24.25,0.03145185485482216
253,60.30496,-24.25,0.040912918746471405
254,67.69804,-24.25,0.050338439643383026
255,75.09111,-24.25,0.05082495138049126
256,82.48418,-24.25,0.048183489590883255
257,89.87725,-24.25,0.04856814444065094
258,97.27032,-24.25,0.0708521381020546
259,104.66339,-24.25,0.2106037139892578
261,119.39571,-24.25,0.2340514361858368
262,126.68114,-24.25,0.11917620897293091
263,133.96657,-24.25,0.1852777600288391
264,141.252,-24.25,0.09798613935709
265,148.53743,-24.25,0.08077293634414673
266,155.82286,-24.25,0.0840289443731308
267,163.10829,-24.25,0.09331629425287247
268,170.39371,-24.25,0.05929923802614212
269,177.67914,-24.25,0.07401677966117859
270,184.96457,-24.25,0.10959625989198685
271,192.25,-24.25,0.11421681195497513
272,199.53543,-24.25,0.12310872972011566
273,206.82086,-24.25,0.09556388109922409
274,214.10629,-24.25,0.11206931620836258
275,221.39171,-24.25,0.14597216248512268
276,228.67714,-24.25,0.16156212985515594
284,287.22968,-24.25,0.1731226146221161
285,294.62275,-24.25,0.13175973296165466
286,302.01582,-24.25,0.13725414872169495
287,309.40889,-24.25,0.049875080585479736
288,316.80196,-24.25,0.06145789101719856
289,324.19504,-24.25,0.05936156213283539
290,331.58811,-24.25,0.03655291721224785
291,338.98118,-24.25,0.028863530606031418
292,346.37425,-24.25,0.02815966121852398
293,353.76732,-24.25,0.022494040429592133
294,1.62711,-17.05,0.035618361085653305
295,8.70904,-17.05,0.024111546576023102
296,15.79096,-17.05,0.02656552754342556
297,22.87289,-17.05,0.02559981867671013
298,29.95482,-17.05,0.026898974552750587
299,37.03675,-17.05,0.02440834790468216
300,44.11868,-17.05,0.05113741382956505
301,51.20061,-17.05,0.04594086855649948
302,58.28254,-17.05,0.047206465154886246
303,65.36446,-17.05,0.05732083320617676
304,72.44639,-17.05,0.07579008489847183
305,79.52832,-17.05,0.11387625336647034
306,86.61025,-17.05,0.09045962244272232
307,93.69218,-17.05,0.157020702958107
311,121.94304,-17.05,0.11676491796970367
312,128.97374,-17.05,0.056366708129644394
313,136.00443,-17.05,0.13345341384410858
314,143.03513,-17.05,0.07818800956010818
315,150.06583,-17.05,0.042707595974206924
316,157.09652,-17.05,0.09230045229196548
317,164.12722,-17.05,0.07815217226743698
318,171.15791,-17.05,0.048065900802612305
319,178.18861,-17.05,0.05030902847647667
320,185.2193,-17.05,0.05144868046045303
321,192.25,-17.05,0.051047470420598984
322,199.2807,-17.05,0.09932583570480347
323,206.31139,-17.05,0.14012648165225983
324,213.34209,-17.05,0.1255350261926651
325,220.37278,-17.05,0.11319800466299057
326,227.40348,-17.05,0.11670991778373718
327,234.43417,-17.05,0.13486570119857788
335,290.80782,-17.05,0.15367472171783447
336,297.88975,-17.05,0.17185425758361816
337,304.97168,-17.05,0.11636056751012802
338,312.05361,-17.05,0.07013393193483353
339,319.13554,-17.05,0.09749195724725723
340,326.21746,-17.05,0.04597345367074013
341,333.29939,-17.05,0.02963520772755146
342,340.38132,-17.05,0.05287886783480644
343,347.46325,-17.05,0.04047902673482895
344,354.54518,-17.05,0.026791734620928764
345,5.20081,-9.85,0.052223362028598785
346,12.25,-9.85,0.0407734178006649
347,19.29919,-9.85,0.053442008793354034
348,26.34837,-9.85,0.036928217858076096
349,33.39756,-9.85,0.02743547037243843
350,40.44674,-9.85,0.028068192303180695
351,47.49593,-9.85,0.10903070122003555
352,54.54511,-9.85,0.05418512225151062
353,61.5943,-9.85,0.057043883949518204
354,68.64348,-9.85,0.06467928737401962
355,75.69267,-9.85,0.13876640796661377
356,82.74185,-9.85,0.27458545565605164
361,118.0185,-9.85,0.1687314510345459
362,125.08817,-9.85,0.06256802380084991
363,132.15783,-9.85,0.05038713291287422
364,139.2275,-9.85,0.053866785019636154
365,146.29717,-9.85,0.05155622586607933
366,153.36683,-9.85,0.060346752405166626
367,160.4365,-9.85,0.04035717248916626
368,167.50617,-9.85,0.05740809813141823
369,174.57583,-9.85,0.039484355598688126
370,181.6455,-9.85,0.06109846755862236
371,188.71517,-9.85,0.032927658408880234
372,195.78483,-9.85,0.06122221797704697
373,202.8545,-9.85,0.07878828048706055
374,209.92417,-9.85,0.05380379036068916
375,216.99383,-9.85,0.08920875191688538
376,224.0635,-9.85,0.11405637115240097
377,231.13317,-9.85,0.16456665098667145
378,238.20283,-9.85,0.24736373126506805
386,294.70896,-9.85,0.24270491302013397
387,301.75815,-9.85,0.11918411403894424
388,308.80733,-9.85,0.07018593698740005
389,315.85652,-9.85,0.06834585964679718
390,322.9057,-9.85,0.04350293055176735
391,329.95489,-9.85,0.05024952441453934
392,337.00407,-9.85,0.057056818157434464
393,344.05326,-9.85,0.045888617634773254
394,351.10244,-9.85,0.03524763509631157
395,358.15163,-9.85,0.0440831258893013
396,1.70673,-2.65,0.04134083166718483
397,8.73558,-2.65,0.03927525877952576
398,15.76442,-2.65,0.05980612337589264
399,22.79327,-2.65,0.05442182347178459
400,29.82212,-2.65,0.031505685299634933
401,36.85096,-2.65,0.03446877375245094
402,43.87981,-2.65,0.06437451392412186
403,50.90865,-2.65,0.057833749800920486
404,57.9375,-2.65,0.13278618454933167
405,64.96635,-2.65,0.046432413160800934
406,71.99519,-2.65,0.0540686659514904
407,79.02404,-2.65,0.21542289853096008
409,93.08173,-2.65,0.276307076215744
411,107.17,-2.65,0.24555136263370514
412,114.26,-2.65,0.09337450563907623
413,121.35,-2.65,0.03362372890114784
414,128.44,-2.65,0.038032326847314835
415,135.53,-2.65,0.02541930414736271
416,142.62,-2.65,0.040487322956323624
417,149.71,-2.65,0.04512885585427284
418,156.8,-2.65,0.048401955515146255
419,163.89,-2.65,0.05025753751397133
420,170.98,-2.65,0.07239194959402084
421,178.07,-2.65,0.022535547614097595
422,185.16,-2.65,0.04320303723216057
423,192.25,-2.65,0.027953950688242912
424,199.34,-2.65,0.03298868238925934
425,206.43,-2.65,0.0478036142885685
426,213.52,-2.65,0.0868702158331871
427,220.61,-2.65,0.0730050578713417
428,227.7,-2.65,0.164336696267128
429,234.79,-2.65,0.17512860894203186
430,241.88,-2.65,0.22363153100013733
431,248.97,-2.65,0.2658366560935974
432,256.06,-2.65,0.21808621287345886
438,298.44712,-2.65,0.28883469104766846
439,305.47596,-2.65,0.08414898812770844
440,312.50481,-2.65,0.05645516887307167
441,319.53365,-2.65,0.0733335018157959
442,326.5625,-2.65,0.05750666931271553
443,333.59135,-2.65,0.08597930520772934
444,340.62019,-2.65,0.06333319842815399
445,347.64904,-2.65,0.051510754972696304
446,354.67788,-2.65,0.037805575877428055
447,5.23912,4.55,0.025799714028835297
448,12.25,4.55,0.02755073644220829
449,19.26088,4.55,0.0393524244427681
450,26.27176,4.55,0.04047292470932007
451,33.28264,4.55,0.047030575573444366
452,40.29352,4.55,0.07471524924039841
453,47.3044,4.55,0.17547421157360077
454,54.31528,4.55,0.23010946810245514
455,61.32616,4.55,0.24246647953987122
456,68.33704,4.55,0.23624256253242493
457,75.34792,4.55,0.07762646675109863
458,82.3588,4.55,0.1979099065065384
462,110.14867,4.55,0.16586963832378387
463,116.99044,4.55,0.0347055085003376
464,123.83222,4.55,0.029095476493239403
465,130.674,4.55,0.03835204988718033
466,137.51578,4.55,0.048967063426971436
467,144.35756,4.55,0.04507909715175629
468,151.19933,4.55,0.023348478600382805
469,158.04111,4.55,0.044983141124248505
470,164.88289,4.55,0.05893402919173241
471,171.72467,4.55,0.0566735714673996
472,178.56644,4.55,0.02366318739950657
473,185.30822,4.71,0.019991397857666016
474,192.25,4.55,0.036870405077934265
475,199.09178,4.55,0.040197450667619705
476,205.93356,4.55,0.02777169458568096
477,212.77533,4.55,0.030639663338661194
478,219.61711,4.55,0.04793907701969147
479,226.45889,4.55,0.05973811075091362
480,233.30067,4.55,0.08188114315271378
481,240.14244,4.55,0.07671135663986206
482,246.98422,4.55,0.06550897657871246
483,253.826,4.55,0.10735561698675156
484,260.66778,4.55,0.09500476717948914
485,267.50956,4.55,0.2710508108139038
489,295.13032,4.55,0.27953726053237915
490,302.1412,4.55,0.17822900414466858
491,309.15208,4.55,0.12130432575941086
492,316.16296,4.55,0.15946370363235474
493,323.17384,4.55,0.06472942978143692
494,330.18472,4.55,0.05649212375283241
495,337.1956,4.55,0.10754450410604477
496,344.20648,4.55,0.07186514884233475
497,351.21736,4.55,0.05584387853741646
498,358.22824,4.55,0.06477595120668411
499,1.77362,11.75,0.10638444125652313
500,8.75787,11.75,0.08780249208211899
501,15.74212,11.75,0.046660132706165314
502,22.72637,11.75,0.08284159749746323
503,29.71062,11.75,0.09381593018770218
504,36.69487,11.75,0.12301798164844513
505,43.67912,11.75,0.186150461435318
514,106.74867,11.75,0.08101049810647964
515,114.02378,11.75,0.044877417385578156
516,121.29889,11.75,0.028420910239219666
517,128.574,11.75,0.03633563220500946
518,135.84911,11.75,0.03207547962665558
519,143.12422,11.75,0.03247606381773949
520,150.39933,11.75,0.04621267691254616
521,157.67444,11.75,0.0397573821246624
522,164.94956,11.75,0.02440493181347847
523,172.22467,11.75,0.04263816028833389
524,179.49978,11.75,0.028758954256772995
525,186.77489,11.57,0.035561203956604004
526,193.9,11.75,0.03255348652601242
527,201.02511,11.75,0.041059691458940506
528,208.15022,11.75,0.026239268481731415
529,215.12533,11.75,0.028068916872143745
530,222.10044,11.75,0.035011231899261475
531,229.07556,11.75,0.05423728749155998
532,236.05067,11.75,0.05466647446155548
533,243.02578,11.75,0.09865982830524445
534,250.00089,11.75,0.06877738982439041
535,256.976,11.75,0.10861904174089432
536,263.95111,11.75,0.1819310486316681
537,270.92622,11.75,0.20056340098381042
538,277.90133,11.75,0.2942441403865814
542,305.89962,11.75,0.17546892166137695
543,312.88387,11.75,0.14892540872097015
544,319.86812,11.75,0.09236326068639755
545,326.85237,11.75,0.10112278908491135
546,333.83662,11.75,0.06512586772441864
547,340.82087,11.75,0.05899040400981903
548,347.80512,11.75,0.09254377335309982
549,354.78937,11.75,0.05739348381757736
550,1.37527,18.95,0.0465480275452137
551,8.62509,18.95,0.0946693941950798
552,15.87491,18.95,0.041438911110162735
553,23.12473,18.95,0.07068472355604172
554,30.37455,18.95,0.07205177843570709
555,37.62436,18.95,0.09152305871248245
556,44.87418,18.95,0.15602919459342957
557,52.124,18.95,0.1381952166557312
558,59.37382,18.95,0.2114565521478653
564,102.73929,18.95,0.10215522348880768
565,109.79245,18.95,0.07128217816352844
566,116.84562,18.95,0.060933105647563934
567,123.89878,18.95,0.04408607631921768
568,130.95195,18.95,0.03732001408934593
569,138.00511,18.95,0.04106063023209572
570,145.05827,18.95,0.03188122808933258
571,152.11144,18.95,0.033160969614982605
572,159.1646,18.95,0.025536220520734787
573,166.21777,18.95,0.024201108142733574
574,173.27093,18.95,0.03218378126621246
575,180.3241,18.95,0.03236386179924011
576,187.38957,18.95,0.0400649718940258
577,194.55043,18.95,0.03725828230381012
578,201.71129,18.95,0.025797666981816292
579,208.96753,18.95,0.03940274938941002
580,216.23608,18.95,0.029199417680501938
581,223.50463,18.95,0.04747232422232628
582,230.77318,18.95,0.08862436562776566
583,238.04173,18.95,0.04433775320649147
584,245.31027,18.95,0.07161883264780045
585,252.57882,18.95,0.0847499892115593
586,259.84737,18.95,0.08202341198921204
587,267.11592,18.95,0.11622311919927597
588,274.38447,18.95,0.2579050064086914
592,303.37673,18.95,0.2752055823802948
593,310.62655,18.95,0.13862933218479156
594,317.87636,18.95,0.11425645649433136
595,325.12618,18.95,0.10945522040128708
596,332.376,18.95,0.059703681617975235
597,339.62582,18.95,0.05287651717662811
598,346.87564,18.95,0.10630521923303604
599,354.12545,18.95,0.057114169001579285
600,0.9616,26.15,0.033385831862688065
601,8.4872,26.15,0.03777022287249565
602,16.0128,26.15,0.07990653067827225
603,23.5384,26.15,0.11583474278450012
604,31.064,26.15,0.09812309592962265
605,38.5896,26.15,0.127005472779274
606,46.1152,26.15,0.20659539103507996
607,53.6408,26.15,0.15368260443210602
608,61.1664,26.15,0.1289045661687851
613,98.72857,26.15,0.20751166343688965
614,106.21029,26.15,0.0754990205168724
615,113.692,26.15,0.05981489643454552
616,121.17371,26.15,0.04208216816186905
617,128.65543,26.15,0.04521457105875015
618,136.13714,26.15,0.042697884142398834
619,143.61886,26.15,0.028458017855882645
620,151.10057,26.15,0.04027925804257393
621,158.58229,26.15,0.022472547367215157
622,166.064,26.15,0.02120966650545597
623,173.54571,26.15,0.027161510661244392
624,181.02743,26.15,0.028163205832242966
625,188.50914,26.15,0.018732674419879913
626,195.99086,26.15,0.014674348756670952
627,203.47257,26.15,0.010690131224691868
628,210.95429,26.15,0.020178023725748062
629,218.436,26.15,0.02696639485657215
630,225.91771,26.15,0.04783931002020836
631,233.39943,26.15,0.0667056068778038
632,240.88114,26.15,0.0748128741979599
633,248.36286,26.15,0.06201532855629921
634,255.84457,26.15,0.05721956118941307
635,263.32629,26.15,0.11047472059726715
636,270.808,26.15,0.1422915905714035
637,278.28971,26.15,0.13620184361934662
638,285.77143,26.15,0.25111740827560425
642,315.808,26.15,0.2327585518360138
643,323.3336,26.15,0.12545382976531982
644,330.8592,26.15,0.07754282653331757
645,338.3848,26.15,0.06196315586566925
646,345.9104,26.15,0.07559490203857422
647,353.436,26.15,0.05724040046334267
648,0.57433,33.35,0.05543963238596916
649,8.35811,33.35,0.0773058831691742
650,16.14189,33.35,0.06639521569013596
651,23.92567,33.35,0.055433791130781174
652,31.70944,33.35,0.08560455590486526
653,39.49322,33.35,0.09432660043239594
654,47.277,33.35,0.19808386266231537
656,62.84456,33.35,0.26785874366760254
661,101.93721,33.35,0.11773467808961868
662,109.7905,33.35,0.07381311058998108
663,117.64379,33.35,0.06394439190626144
664,125.49707,33.35,0.059265270829200745
665,133.35036,33.35,0.035726409405469894
666,141.20364,33.35,0.019282905384898186
667,149.05693,33.35,0.018856121227145195
668,156.91021,33.35,0.024305434897542
669,164.7635,33.35,0.022176148369908333
670,172.61679,33.35,0.023549720644950867
671,180.47007,33.35,0.02587147429585457
672,188.32336,33.35,0.020951056852936745
673,196.17664,33.35,0.016373595222830772
674,204.02993,33.35,0.016008995473384857
675,211.88321,33.35,0.02211339958012104
676,219.7365,33.35,0.018334779888391495
677,227.58979,33.35,0.019660843536257744
678,235.44307,33.35,0.038189224898815155
679,243.29636,33.35,0.021941140294075012
680,251.14964,33.35,0.034589968621730804
681,259.00293,33.35,0.05239840969443321
682,266.85621,33.35,0.055156409740448
683,274.7095,33.35,0.08303634077310562
684,282.56279,33.35,0.0920555368065834
685,290.41607,33.35,0.2860657572746277
688,313.87167,33.35,0.2844439446926117
689,321.65544,33.35,0.19942735135555267
690,329.43922,33.35,0.15347233414649963
691,337.223,33.35,0.10889702290296555
692,345.00678,33.35,0.11123043298721313
693,352.79056,33.35,0.0910983458161354
694,3.4686,40.55,0.08154745399951935
695,11.9,40.4,0.06939540058374405
696,20.38973,40.55,0.060373663902282715
697,28.87947,40.55,0.05694982409477234
698,37.42753,40.55,0.05465739220380783
699,45.9756,40.55,0.13852286338806152
700,54.52367,40.55,0.17895063757896423
702,71.6198,40.55,0.29618650674819946
704,88.84822,40.55,0.2605164647102356
705,97.46504,40.55,0.19910277426242828
706,106.08185,40.55,0.08207672834396362
707,114.69867,40.55,0.06319692730903625
708,123.31548,40.55,0.057698700577020645
709,131.9323,40.55,0.03233272582292557
710,140.54911,40.55,0.022158022969961166
711,149.16593,40.55,0.015325264073908329
712,157.78274,40.55,0.015713883563876152
713,166.39956,40.55,0.015921575948596
714,175.01637,40.55,0.021775782108306885
715,183.63319,40.55,0.027814537286758423
716,192.25,40.55,0.021537281572818756
717,200.86681,40.55,0.017073335126042366
718,209.48363,40.55,0.016669854521751404
719,218.10044,40.55,0.02051733247935772
720,226.71726,40.55,0.020480437204241753
721,235.33407,40.55,0.03744381293654442
722,243.95089,40.55,0.011358941905200481
723,252.5677,40.55,0.020312713459134102
724,261.18452,40.55,0.04576161131262779
725,269.80133,40.55,0.05112024396657944
726,278.41815,40.55,0.07701703161001205
727,287.03496,40.55,0.19529883563518524
732,329.743,40.55,0.24268025159835815
733,338.1744,40.55,0.17162583768367767
734,346.6058,40.55,0.1360040307044983
735,355.0372,40.55,0.11451217532157898
736,2.21291,47.75,0.14324933290481567
737,12.25,47.75,0.1630544811487198
738,22.28709,47.75,0.1475500613451004
739,32.32418,47.75,0.1742505431175232
740,42.36127,47.75,0.1604396551847458
744,81.85354,47.75,0.26117855310440063
745,91.27823,47.75,0.16902080178260803
746,100.70292,47.75,0.10609553009271622
747,110.12762,47.75,0.08285968005657196
748,119.55231,47.75,0.04872015118598938
749,128.977,47.75,0.031783487647771835
750,138.40169,47.75,0.02348122000694275
751,147.82638,47.75,0.011501510627567768
752,157.25108,47.75,0.0116383396089077
753,166.67577,47.75,0.03239353373646736
754,176.10046,47.75,0.03021608479321003
755,185.52515,47.75,0.018888523802161217
756,194.94985,47.75,0.015568357892334461
757,204.72454,47.75,0.03713168948888779
758,214.49923,47.75,0.02275705710053444
759,224.27392,47.75,0.038566794246435165
760,234.04862,47.75,0.022204779088497162
761,243.82331,47.75,0.01543810497969389
762,253.598,47.75,0.033475879579782486
763,263.37269,47.75,0.04623823240399361
764,273.14738,47.75,0.03679812327027321
765,282.92208,47.75,0.09772937744855881
766,292.69677,47.75,0.15824592113494873
771,342.13873,47.75,0.17284953594207764
772,352.17582,47.75,0.17076347768306732
775,28.13537,54.95,0.25539931654930115
781,92.97719,54.95,0.13617627322673798
782,103.90195,54.95,0.05701097473502159
783,114.82671,54.95,0.05439623445272446
784,125.75146,54.95,0.0685926303267479
785,136.67622,54.95,0.022913383319973946
786,147.60097,54.95,0.014643426984548569
787,158.52573,54.95,0.01244028378278017
788,169.45049,54.95,0.015749739482998848
789,180.37888,54.95,0.017395341768860817
790,191.39,54.95,0.0241545420140028
791,202.40112,54.95,0.01980748027563095
792,213.41224,54.95,0.03159747272729874
793,224.50609,54.95,0.02088167332112789
794,235.60357,54.95,0.021501261740922928
795,246.70105,54.95,0.011171386577188969
796,257.79854,54.95,0.02411583811044693
797,268.89602,54.95,0.04867369309067726
798,279.99351,54.95,0.04764290526509285
799,291.09099,54.95,0.12939326465129852
811,73.33333,62.15,0.21868954598903656
812,86.66667,62.15,0.12659497559070587
813,100.0,62.15,0.114979088306427
814,113.33333,62.15,0.056845229119062424
815,126.66667,62.15,0.056372448801994324
816,140.0,62.15,0.04148397594690323
817,153.33333,62.15,0.02010384574532509
818,166.66667,62.15,0.011013953015208244
819,180.0,62.15,0.023158855736255646
820,193.33333,62.15,0.019905220717191696
821,206.66667,62.15,0.021294785663485527
822,220.0,62.15,0.018955234438180923
823,233.33333,62.15,0.026274781674146652
824,246.66667,62.15,0.04047706350684166
825,260.0,62.15,0.03354920446872711
826,273.33333,62.15,0.05610877275466919
827,286.66667,62.15,0.09196724742650986
828,300.0,62.15,0.10590667277574539
837,77.14286,69.35,0.1295672208070755
838,94.28571,69.35,0.11009383946657181
839,111.42857,69.35,0.04519310221076012
840,128.57143,69.35,0.04327984154224396
841,145.71429,69.42,0.07730015367269516
842,162.85714,69.35,0.021866077557206154
843,180.0,69.35,0.02238881029188633
844,197.14286,69.35,0.018449878320097923
845,214.28571,69.35,0.021345457062125206
846,231.42857,69.35,0.03309118375182152
847,248.57143,69.35,0.051482442766427994
848,265.71429,69.35,0.04553312435746193
849,282.85714,69.35,0.06176497042179108
850,300.0,69.35,0.18919366598129272
854,12.0,76.55,0.2786409556865692
856,60.0,76.55,0.12437986582517624
857,84.0,76.55,0.11859014630317688
858,108.0,76.55,0.04595145210623741
859,132.0,76.55,0.025843746960163116
860,156.0,76.55,0.03427181765437126
861,180.0,76.55,0.11033644527196884
862,204.0,76.55,0.03493344038724899
863,228.0,76.55,0.03719010204076767
864,252.0,76.55,0.05356893315911293
865,276.0,76.55,0.07566981017589569
866,300.0,76.55,0.12542396783828735
868,348.0,76.55,0.20503440499305725
869,20.0,83.75,0.13387614488601685
870,60.0,83.75,0.07328444719314575
871,100.0,83.75,0.05539948120713234
872,140.0,83.75,0.03753260523080826
873,180.0,83.75,0.17009691894054413
874,220.0,83.75,0.11489984393119812
875,260.0,83.75,0.11091933399438858
876,300.0,83.75,0.08810493350028992
877,340.0,83.75,0.23905205726623535
878,10.0,88.0,0.1489536315202713
879,170.0,88.0,0.20022650063037872
880,10.0,87.4,0.17638856172561646
881,170.0,87.4,0.2656976878643036
1001,25.7766,-85.93846,0.09408431500196457
1002,77.20517,-85.93846,0.19906358420848846
1003,128.63375,-85.93846,0.21054889261722565
1004,181.85528,-85.93846,0.1425635814666748
1005,231.49089,-85.93846,0.12290602177381516
1006,282.91946,-85.93846,0.1503748893737793
1007,334.34803,-85.93846,0.13312721252441406
1008,20.25868,-85.45,0.1267479807138443
1009,71.68725,-85.45,0.12428393959999084
1010,124.64736,-85.45,0.1819753646850586
1011,174.54439,-85.45,0.08099661022424698
1012,225.97296,-85.45,0.10626744478940964
1013,276.82799,-85.45,0.16560666263103485
1014,329.13129,-85.45,0.13445910811424255
1015,5.14404,-79.01538,0.07284245640039444
1016,32.98589,-79.01538,0.09681660681962967
1017,60.2335,-79.01538,0.09211558103561401
1018,88.3705,-79.01538,0.14731253683567047
1019,115.87636,-79.01538,0.2835233807563782
1020,143.75512,-79.01538,0.21678400039672852
1021,171.44742,-79.01538,0.24129220843315125
1022,199.13973,-79.01538,0.14108972251415253
1023,226.83204,-79.01538,0.1454920917749405
1024,254.52435,-79.01538,0.12074587494134903
1025,282.21666,-79.01538,0.12477467209100723
1026,309.90896,-79.01538,0.20538340508937836
1027,337.60127,-79.01538,0.16335606575012207
1028,17.90885,-78.25,0.06539265811443329
1029,43.62314,-78.25,0.10212480276823044
1030,69.33742,-78.25,0.07732033729553223
1031,94.68852,-78.25,0.13228291273117065
1032,120.76599,-78.25,0.09103317558765411
1033,146.48028,-78.25,0.14382030069828033
1034,172.68223,-78.25,0.15885087847709656
1035,197.90885,-78.25,0.25038906931877136
1036,223.91865,-78.25,0.15920160710811615
1037,249.33742,-78.25,0.17476995289325714
1038,275.05171,-78.25,0.18096038699150085
1039,301.09433,-78.25,0.16756051778793335
1040,326.48028,-78.25,0.19086895883083344
1041,352.19456,-78.25,0.09835172444581985
1042,11.23039,-71.05,0.04364358261227608
1043,29.23039,-71.05,0.03687209263443947
1044,47.23039,-71.05,0.042646151036024094
1045,65.57908,-71.05,0.11945371329784393
1047,101.09918,-71.05,0.10964065045118332
1048,119.23039,-71.05,0.19764991104602814
1049,137.21111,-71.05,0.12221579253673553
1050,155.23039,-71.05,0.1603786200284958
1051,173.23039,-71.05,0.29335659742355347
1054,227.33254,-71.05,0.16633222997188568
1055,245.23039,-71.05,0.1302931159734726
1056,263.13289,-71.05,0.09245460480451584
1057,281.23039,-71.05,0.07191309332847595
1058,299.23039,-71.05,0.08913467079401016
1059,317.23039,-71.05,0.06991647928953171
1060,335.23039,-71.05,0.033217139542102814
1061,353.23039,-71.05,0.049092501401901245
1062,8.27502,-63.85,0.02170809544622898
1063,22.12117,-63.85,0.03092419169843197
1064,35.96733,-63.85,0.03395264223217964
1065,49.81348,-63.85,0.028979970142245293
1066,63.65964,-63.85,0.04000602662563324
1067,77.50579,-63.85,0.04084128886461258
1068,91.35194,-63.85,0.06053803861141205
1069,105.1981,-63.85,0.10983084887266159
1070,119.04425,-63.85,0.18420162796974182
1071,132.73949,-63.85,0.20395639538764954
1072,147.01826,-63.85,0.2971595525741577
1079,243.65964,-63.85,0.270651251077652
1080,257.50579,-63.85,0.17856059968471527
1081,271.35194,-63.85,0.09723468869924545
1082,285.39519,-63.85,0.07924740016460419
1083,299.04425,-63.85,0.07149382680654526
1084,312.89041,-63.85,0.05793987959623337
1085,326.73656,-63.85,0.04569287225604057
1086,340.58271,-63.85,0.03633889555931091
1087,354.42887,-63.85,0.03390231356024742
1088,0.82743,-56.65,0.017753977328538895
1089,12.44033,-56.65,0.018812885507941246
1090,24.05324,-56.65,0.027774054557085037
1091,35.66614,-56.65,0.045770805329084396
1092,47.27904,-56.65,0.02103419415652752
1093,58.89195,-56.65,0.02214471809566021
1094,70.50485,-56.65,0.010313724167644978
1095,82.11775,-56.65,0.04876355454325676
1096,93.73065,-56.65,0.05781697481870651
1097,105.2731,-56.65,0.11506465077400208
1098,116.95646,-56.65,0.23462383449077606
1099,128.56936,-56.65,0.2862454056739807
1111,267.69695,-56.65,0.15127982199192047
1112,279.55726,-56.65,0.11374250054359436
1113,291.15001,-56.65,0.07333682477474213
1114,302.76291,-56.65,0.06489074975252151
1115,314.18264,-56.65,0.09041690826416016
1116,325.98872,-56.65,0.045917611569166183
1117,337.60162,-56.65,0.03729992359876633
1118,349.1835,-56.65,0.018260153010487556
1119,5.60979,-49.45,0.01987111009657383
1120,15.60979,-49.45,0.01586044952273369
1121,25.46356,-49.45,0.029718833044171333
1122,35.60979,-49.45,0.023201534524559975
1123,45.60979,-49.45,0.026950843632221222
1124,55.60979,-49.45,0.016582131385803223
1125,65.60979,-49.45,0.021958403289318085
1126,75.59516,-49.45,0.015227149240672588
1127,85.60979,-49.45,0.04940794035792351
1128,95.60979,-49.45,0.058420389890670776
1129,105.60979,-49.45,0.10062961280345917
1134,155.60979,-49.45,0.2588716447353363
1136,175.60979,-49.45,0.1914423555135727
1137,185.60979,-49.45,0.21181079745292664
1139,205.46358,-49.45,0.22778132557868958
1146,275.60979,-49.45,0.11513926833868027
1147,285.60979,-49.45,0.08444762974977493
1148,295.60979,-49.45,0.07144909352064133
1149,305.60979,-49.45,0.05178974196314812
1150,315.60979,-49.45,0.045185431838035583
1151,325.60979,-49.45,0.030172869563102722
1152,335.60979,-49.45,0.017635079100728035
1153,345.60979,-49.45,0.010474598966538906
1154,355.60979,-49.45,0.015673957765102386
1155,0.53667,-42.25,0.017905017361044884
1156,9.29394,-42.25,0.016348570585250854
1157,18.09764,-42.25,0.01133427582681179
1158,26.94224,-42.25,0.017837103456258774
1159,35.65862,-42.25,0.017681613564491272
1160,44.43911,-42.25,0.021390026435256004
1161,53.21959,-42.25,0.017743853852152824
1162,62.00008,-42.25,0.02017913945019245
1163,70.78057,-42.25,0.016382630914449692
1164,79.56106,-42.25,0.029728831723332405
1165,88.34155,-42.25,0.07791415601968765
1166,97.23092,-42.25,0.07839158177375793
1167,105.90252,-42.25,0.15309247374534607
1172,149.80496,-42.25,0.2903534173965454
1173,158.65649,-42.25,0.11584792286157608
1174,167.36594,-42.25,0.1391683667898178
1175,176.14642,-42.25,0.14373454451560974
1176,184.92691,-42.25,0.19572047889232635
1177,193.7074,-42.25,0.1484397053718567
1178,202.48789,-42.25,0.1467587947845459
1179,211.26837,-42.25,0.10815854370594025
1180,220.04886,-42.25,0.1259661614894867
1181,228.82935,-42.25,0.24236923456192017
1186,272.73179,-42.25,0.278847873210907
1187,281.72303,-42.25,0.12919142842292786
1188,290.29276,-42.25,0.09170359373092651
1189,299.07325,-42.25,0.08990263938903809
1190,307.85374,-42.25,0.05290306732058525
1191,316.63423,-42.25,0.03658457100391388
1192,325.41472,-42.25,0.019782477989792824
1193,334.33108,-42.25,0.01556819025427103
1194,342.97569,-42.25,0.027457619085907936
1195,351.75618,-42.25,0.017859982326626778
1196,8.12693,-35.05,0.015289104543626308
1197,16.37307,-35.05,0.020632214844226837
1198,24.61922,-35.05,0.023700380697846413
1199,32.86537,-35.05,0.018904706463217735
1200,41.11152,-35.05,0.02525937743484974
1201,49.49748,-35.05,0.02428510971367359
1202,57.60381,-35.05,0.014603206887841225
1203,65.84996,-35.05,0.033357419073581696
1204,74.09611,-35.05,0.03674092888832092
1205,82.25016,-35.05,0.03449682518839836
1206,90.58841,-35.05,0.056551020592451096
1207,98.83456,-35.05,0.12047873437404633
1208,107.0807,-35.05,0.21313822269439697
1212,139.68102,-35.05,0.23257188498973846
1213,147.81194,-35.05,0.20086298882961273
1214,155.89159,-35.05,0.10940910130739212
1215,163.97124,-35.05,0.07000939548015594
1216,172.05088,-35.05,0.09435366094112396
1217,180.13053,-35.05,0.11382771283388138
1218,188.11904,-35.05,0.08371711522340775
1219,196.38026,-35.05,0.0978868156671524
1220,204.36947,-35.05,0.07529661059379578
1221,212.44912,-35.05,0.12808452546596527
1222,220.52876,-35.05,0.14167340099811554
1229,277.4193,-35.05,0.196862131357193
1230,285.66544,-35.05,0.12283904105424881
1231,293.91159,-35.05,0.18010854721069336
1232,302.2505,-35.05,0.11423976719379425
1233,310.40389,-35.05,0.05531984567642212
1234,318.65004,-35.05,0.1287250816822052
1235,326.89619,-35.05,0.036521002650260925
1236,335.0006,-35.05,0.015560079365968704
1237,343.38848,-35.05,0.01787445694208145
1238,351.63463,-35.05,0.027383768931031227
1239,359.88078,-35.05,0.0168442465364933
1240,4.68607,-27.85,0.026300553232431412
1241,12.25,-27.85,0.021055562421679497
1242,19.81393,-27.85,0.018697941675782204
1243,27.37786,-27.85,0.01670984923839569
1244,34.94179,-27.85,0.01643814891576767
1245,42.50571,-27.85,0.021450195461511612
1246,50.06964,-27.85,0.022711768746376038
1247,57.63357,-27.85,0.009866481646895409
1248,65.1975,-27.85,0.04517050087451935
1249,72.76143,-27.85,0.03740878403186798
1250,80.5018,-27.85,0.03027990274131298
1251,88.06573,-27.85,0.04797547683119774
1252,95.45321,-27.85,0.04985341057181358
1253,103.01714,-27.85,0.17287451028823853
1254,110.58107,-27.85,0.268858939409256
1256,125.94553,-27.85,0.2208108752965927
1257,133.74605,-27.85,0.15019886195659637
1258,141.54658,-27.85,0.13542604446411133
1259,149.34711,-27.85,0.1235237717628479
1260,157.14763,-27.85,0.10441803187131882
1261,164.94816,-27.85,0.07903458923101425
1262,172.74868,-27.85,0.0844535231590271
1263,180.54921,-27.85,0.09349282085895538
1264,188.42515,-27.85,0.08627702295780182
1265,196.07511,-27.85,0.10573826730251312
1266,203.95079,-27.85,0.08999466150999069
1267,211.75132,-27.85,0.06784948706626892
1268,219.55184,-27.85,0.1327856034040451
1269,227.35237,-27.85,0.20299410820007324
1270,235.15289,-27.85,0.2942715883255005
1276,281.48286,-27.85,0.2699885368347168
1277,289.04679,-27.85,0.1382254809141159
1278,296.43427,-27.85,0.17346946895122528
1279,303.9982,-27.85,0.07884328067302704
1280,311.73857,-27.85,0.10248200595378876
1281,319.3025,-27.85,0.07557061314582825
1282,326.86643,-27.85,0.033145979046821594
1283,334.43036,-27.85,0.021906523033976555
1284,341.99429,-27.85,0.027439063414931297
1285,349.55821,-27.85,0.028878360986709595
1286,357.12214,-27.85,0.024179445579648018
1287,5.01679,-20.65,0.023430490866303444
1288,12.25,-20.65,0.023896172642707825
1289,19.48321,-20.65,0.017512556165456772
1290,26.71643,-20.65,0.01310532446950674
1291,33.94964,-20.65,0.023261699825525284
1292,41.18286,-20.65,0.040337007492780685
1293,48.41607,-20.65,0.0267059076577425
1294,55.64929,-20.65,0.05924487113952637
1295,62.8825,-20.65,0.045292023569345474
1296,70.11571,-20.65,0.035115797072649
1297,77.34893,-20.65,0.05017940327525139
1298,84.41543,-20.65,0.05020666494965553
1299,91.64865,-20.65,0.09623445570468903
1300,99.04857,-20.65,0.19211618602275848
1303,120.67273,-20.65,0.16868719458580017
1304,127.83045,-20.65,0.11942172795534134
1305,134.98818,-20.65,0.2526101768016815
1306,142.14591,-20.65,0.0565592423081398
1307,149.30364,-20.65,0.06472217291593552
1308,156.46136,-20.65,0.12335407733917236
1309,163.61909,-20.65,0.06296780705451965
1310,170.77682,-20.65,0.07452744245529175
1311,177.93455,-20.65,0.04702360928058624
1312,185.25898,-20.65,0.06487489491701126
1313,192.08329,-20.65,0.06961603462696075
1314,199.24102,-20.65,0.13782751560211182
1315,206.56545,-20.65,0.1305733323097229
1316,213.72318,-20.65,0.10892793536186218
1317,220.88091,-20.65,0.12147682160139084
1318,228.03864,-20.65,0.18309800326824188
1319,235.19636,-20.65,0.23715439438819885
1326,285.45143,-20.65,0.19947950541973114
1327,292.85135,-20.65,0.10079372674226761
1328,300.08457,-20.65,0.16544146835803986
1329,307.15107,-20.65,0.07803292572498322
1330,314.38429,-20.65,0.08007104694843292
1331,321.6175,-20.65,0.09139636158943176
1332,328.85071,-20.65,0.038217391818761826
1333,336.08393,-20.65,0.0407908596098423
1334,343.31714,-20.65,0.03592682257294655
1335,350.55036,-20.65,0.03238410875201225
1336,357.78357,-20.65,0.024496179074048996
1337,5.33343,-13.45,0.042663101106882095
1338,12.38336,-13.45,0.026857711374759674
1339,19.16596,-13.45,0.024726083502173424
1340,26.12443,-13.45,0.022166941314935684
1341,33.06164,-13.45,0.024832233786582947
1342,39.99886,-13.45,0.031144078820943832
1343,46.93607,-13.45,0.082771897315979
1344,53.87329,-13.45,0.061324406415224075
1345,60.8105,-13.45,0.053918369114398956
1346,67.74771,-13.45,0.08075437694787979
1347,74.68493,-13.45,0.10297025740146637
1348,81.62214,-13.45,0.18590961396694183
1350,95.47939,-13.45,0.26955854892730713
1353,116.27758,-13.45,0.26476240158081055
1354,123.05914,-13.45,0.09353924542665482
1355,130.09075,-13.45,0.07271229475736618
1356,136.99733,-13.45,0.06830146908760071
1357,143.90392,-13.45,0.05191832780838013
1358,150.8105,-13.45,0.06625967472791672
1359,157.71708,-13.45,0.08497890084981918
1360,164.62367,-13.45,0.053183116018772125
1361,171.53025,-13.45,0.04654524475336075
1362,178.43683,-13.45,0.05105368420481682
1363,185.35402,-13.45,0.051542699337005615
1364,192.11646,-13.45,0.06440436840057373
1365,199.14622,-13.45,0.06173865124583244
1366,206.06317,-13.45,0.10980568826198578
1367,212.96975,-13.45,0.10074940323829651
1368,219.87633,-13.45,0.08552625775337219
1369,226.78292,-13.45,0.1169784739613533
1370,233.6895,-13.45,0.19394232332706451
1371,240.59608,-13.45,0.22547996044158936
1378,289.02114,-13.45,0.2736642360687256
1379,295.83466,-13.45,0.18445786833763123
1380,302.87786,-13.45,0.11452293395996094
1381,309.81507,-13.45,0.06715985387563705
1382,316.75229,-13.45,0.06353705376386642
1383,323.6895,-13.45,0.07665970176458359
1384,330.62671,-13.45,0.05508415400981903
1385,337.56393,-13.45,0.054205041378736496
1386,344.50114,-13.45,0.056662943214178085
1387,351.43836,-13.45,0.03361574560403824
1388,358.37557,-13.45,0.037041887640953064
1389,1.88844,-6.25,0.04356137663125992
1390,8.86589,-6.25,0.04955494403839111
1391,15.63351,-6.25,0.13637617230415344
1392,22.61156,-6.25,0.04503824561834335
1393,29.51926,-6.25,0.035321157425642014
1394,36.42696,-6.25,0.03817005828022957
1395,43.33467,-6.25,0.04938282445073128
1396,50.24237,-6.25,0.05093244090676308
1397,57.15007,-6.25,0.09538386017084122
1398,64.05778,-6.25,0.06570875644683838
1399,70.96548,-6.25,0.10851334780454636
1400,77.87319,-6.25,0.12500551342964172
1405,112.5291,-6.25,0.15821637213230133
1406,119.35797,-6.25,0.09341756254434586
1407,126.32304,-6.25,0.052980732172727585
1408,133.26272,-6.25,0.02676338143646717
1409,140.2024,-6.25,0.03824098780751228
1410,147.14208,-6.25,0.0728062093257904
1411,154.08176,-6.25,0.07004549354314804
1412,161.02144,-6.25,0.05302543193101883
1413,167.96112,-6.25,0.054326821118593216
1414,174.9008,-6.25,0.05603020638227463
1415,181.84048,-6.25,0.09901947528123856
1416,188.84629,-6.25,0.03369418904185295
1417,195.65393,-6.25,0.04409845918416977
1418,202.65952,-6.25,0.041932616382837296
1419,209.5992,-6.25,0.04615292698144913
1420,216.53888,-6.25,0.06695341318845749
1421,223.47856,-6.25,0.08067221939563751
1422,230.41824,-6.25,0.09018432348966599
1423,237.35792,-6.25,0.17179597914218903
1432,299.71911,-6.25,0.15036208927631378
1433,306.62681,-6.25,0.05657369643449783
1434,313.53452,-6.25,0.06813981384038925
1435,320.44222,-6.25,0.1572543829679489
1436,327.34993,-6.25,0.04319566488265991
1437,334.25763,-6.25,0.0863182321190834
1438,341.16533,-6.25,0.04152791202068329
1439,348.07304,-6.25,0.0512423999607563
1440,354.98074,-6.25,0.03720492124557495
1441,5.36895,0.95,0.02810627967119217
1442,12.37972,0.95,0.03032815083861351
1443,19.13045,0.95,0.032613083720207214
1444,26.02046,0.95,0.035019539296627045
1445,32.90569,0.95,0.039896152913570404
1446,39.79092,0.95,0.03824441507458687
1447,46.67615,0.95,0.10099934786558151
1448,53.56138,0.95,0.10751990228891373
1450,67.33185,0.95,0.11896120011806488
1451,74.21708,0.95,0.11000053584575653
1452,81.10231,0.95,0.11584737151861191
1456,108.71892,0.95,0.13118143379688263
1457,115.67985,0.95,0.13015396893024445
1458,122.64077,0.95,0.030244437977671623
1459,129.60169,0.95,0.05565584823489189
1460,136.56262,0.95,0.04024628922343254
1461,143.52354,0.95,0.05315231531858444
1462,150.48446,0.95,0.030732696875929832
1463,157.44538,0.95,0.06970207393169403
1464,164.40631,0.95,0.038888975977897644
1465,171.36723,0.95,0.039085522294044495
1466,178.32815,0.95,0.02325098216533661
1467,185.03306,1.05,0.02255280874669552
1468,192.09398,0.95,0.02615588903427124
1469,199.21694,0.95,0.03813078999519348
1470,206.17185,0.95,0.034201495349407196
1471,213.13277,0.95,0.04326210170984268
1472,220.09369,0.95,0.04816129803657532
1473,227.05462,0.95,0.06782606244087219
1474,234.01554,0.95,0.08157899230718613
1475,240.97646,0.95,0.11414176225662231
1476,247.93738,0.95,0.08282826095819473
1477,254.89831,0.95,0.1029474064707756
1478,261.85923,0.95,0.22808298468589783
1484,303.39769,0.95,0.13218644261360168
1485,310.28292,0.95,0.08622701466083527
1486,317.16815,0.95,0.127487912774086
1487,324.05338,0.95,0.08087839931249619
1488,330.93862,0.95,0.05816249921917915
1489,337.82385,0.95,0.09060751646757126
1490,344.70908,0.95,0.06086790934205055
1491,351.59431,0.95,0.03900386765599251
1492,358.47954,0.95,0.04380523040890694
1493,1.96084,8.15,0.15744085609912872
1494,8.88918,8.15,0.061585936695337296
1495,15.6102,8.15,0.05050155892968178
1496,22.53916,8.15,0.07504310458898544
1497,29.3986,8.15,0.07184553146362305
1498,36.25804,8.15,0.08707397431135178
1499,43.11748,8.15,0.21401143074035645
1500,49.97692,8.15,0.25802937150001526
1501,56.83636,8.15,0.18592679500579834
1502,63.6958,8.15,0.2639128267765045
1503,70.55524,8.15,0.18904641270637512
1504,77.41468,8.15,0.2520079016685486
1506,91.10571,8.15,0.2571254074573517
1508,104.99717,8.15,0.1318110227584839
1509,111.88452,8.15,0.04522670805454254
1510,118.98841,8.15,0.024426180869340897
1511,125.921,8.15,0.03117227368056774
1512,132.903,8.15,0.053322892636060715
1513,139.885,8.15,0.042347270995378494
1514,146.867,8.15,0.028946420177817345
1515,153.849,8.15,0.03701934218406677
1516,160.831,8.15,0.033090438693761826
1517,167.813,8.15,0.0339445136487484
1518,174.795,8.15,0.04273848235607147
1519,181.777,8.15,0.019994663074612617
1520,188.78733,8.15,0.02585427276790142
1521,195.6502,8.15,0.04221327602863312
1522,202.723,8.15,0.035726118832826614
1523,209.705,8.15,0.026724088937044144
1524,216.687,8.15,0.030895395204424858
1525,223.669,8.15,0.03846029192209244
1526,230.651,8.15,0.045158080756664276
1527,237.633,8.15,0.04672332480549812
1528,244.615,8.15,0.07964406907558441
1529,251.597,8.15,0.14132168889045715
1530,258.579,8.15,0.11795930564403534
1531,265.51208,8.15,0.1820598989725113
1532,272.61597,8.15,0.23408956825733185
1536,300.1436,8.15,0.26348960399627686
1537,307.08532,8.15,0.16437247395515442
1538,313.94476,8.15,0.11610332876443863
1539,320.8042,8.15,0.06311844289302826
1540,327.66364,8.15,0.0636192187666893
1541,334.52308,8.15,0.0845431312918663
1542,341.38252,8.15,0.11889710277318954
1543,348.24196,8.15,0.05689931660890579
1544,355.1014,8.15,0.08891114592552185
1545,1.57783,15.35,0.07098925113677979
1546,8.53084,15.35,0.06287722289562225
1547,15.96916,15.35,0.0869888961315155
1548,22.92217,15.35,0.0485212542116642
1549,30.03696,15.35,0.06411777436733246
1550,37.15174,15.35,0.176395982503891
1551,44.26652,15.35,0.11053723841905594
1552,51.3813,15.35,0.15828900039196014
1553,58.49609,15.35,0.2543494403362274
1559,101.08286,15.35,0.14964346587657928
1560,108.09571,15.35,0.1433359831571579
1561,115.10857,15.35,0.04217040538787842
1562,122.12143,15.35,0.0323149636387825
1563,129.14702,15.35,0.039401065558195114
1564,136.19984,15.35,0.051523853093385696
1565,143.25886,15.35,0.03740929439663887
1566,150.30548,15.35,0.04169408604502678
1567,157.08868,15.35,0.04508752375841141
1568,164.14153,15.35,0.02671700529754162
1569,171.19434,15.35,0.036358315497636795
1570,178.22429,15.35,0.03435644879937172
1571,185.23714,15.35,0.028625575825572014
1572,192.25,15.35,0.027874793857336044
1573,199.26286,15.35,0.03327395021915436
1574,206.37618,15.35,0.032035648822784424
1575,213.351,15.35,0.01909087784588337
1576,220.32582,15.35,0.027223197743296623
1577,227.31429,15.35,0.03152204677462578
1578,234.32714,15.35,0.042490530759096146
1579,241.34,15.35,0.04875580966472626
1580,248.35286,15.35,0.08935672789812088
1581,255.36571,15.35,0.12534847855567932
1582,262.37857,15.35,0.13178206980228424
1583,269.39143,15.35,0.14380061626434326
1587,297.54478,15.35,0.28626710176467896
1588,304.65957,15.35,0.19985269010066986
1589,311.77435,15.35,0.11168738454580307
1590,318.88913,15.35,0.13934744894504547
1591,326.00391,15.35,0.11769108474254608
1592,333.1187,15.35,0.06616803258657455
1593,340.23348,15.35,0.09860262274742126
1594,347.34826,15.35,0.19946451485157013
1595,354.46304,15.35,0.07996013015508652
1596,1.16843,22.55,0.07261599600315094
1597,8.72505,22.55,0.03745266795158386
1598,15.77495,22.55,0.053113605827093124
1599,23.33157,22.55,0.09527872502803802
1600,30.71929,22.55,0.08725956082344055
1601,38.107,22.55,0.19879674911499023
1602,45.49471,22.55,0.15188144147396088
1603,52.88243,22.55,0.23063978552818298
1604,60.27014,22.55,0.28089240193367004
1610,104.45371,22.55,0.06542356312274933
1611,111.60116,22.55,0.06790735572576523
1612,118.99737,22.55,0.07254308462142944
1613,126.40279,22.55,0.05773591622710228
1614,133.71914,22.55,0.035534169524908066
1615,141.0355,22.55,0.042014870792627335
1616,148.35186,22.55,0.04023892059922218
1617,155.66821,22.55,0.024316463619470596
1618,162.98457,22.55,0.020131321623921394
1619,170.30093,22.55,0.020462170243263245
1620,177.61729,22.55,0.027022497728466988
1621,184.93364,22.55,0.033085256814956665
1622,192.25,22.55,0.03642483800649643
1623,199.56636,22.55,0.015396028757095337
1624,206.84333,22.55,0.02046501822769642
1625,214.11131,22.55,0.035668522119522095
1626,221.37928,22.55,0.03870995715260506
1627,228.9288,22.55,0.05506836995482445
1628,236.19677,22.55,0.07902783155441284
1629,243.46476,22.55,0.08683229237794876
1630,250.78086,22.55,0.07250695675611496
1631,258.09721,22.55,0.07184433937072754
1632,265.50087,22.55,0.1578361988067627
1633,272.69901,22.55,0.15310657024383545
1634,280.04629,22.55,0.16435606777668
1638,309.45443,22.55,0.11359082907438278
1639,316.84214,22.55,0.17865774035453796
1640,324.22986,22.55,0.10059604793787003
1641,331.61757,22.55,0.10284458845853806
1642,339.00529,22.55,0.049949146807193756
1643,346.393,22.55,0.1920386254787445
1644,353.78071,22.55,0.05840408802032471
1645,0.76047,29.75,0.0598735585808754
1646,8.59984,29.75,0.050383131951093674
1647,15.90016,29.75,0.06938376277685165
1648,23.73953,29.75,0.061533812433481216
1649,31.39921,29.75,0.0688948780298233
1650,39.05889,29.75,0.10865351557731628
1651,46.71858,29.75,0.19324763119220734
1652,54.37826,29.75,0.20908968150615692
1653,62.03795,29.75,0.25594812631607056
1658,100.336,29.75,0.14935018122196198
1659,107.9955,29.75,0.09263206273317337
1660,115.6466,29.75,0.043478988111019135
1661,123.13482,29.75,0.044966768473386765
1662,130.974,29.75,0.07173384726047516
1663,138.6335,29.75,0.03045172244310379
1664,146.293,29.75,0.028195656836032867
1665,153.9525,29.75,0.033689916133880615
1666,161.612,29.75,0.031075086444616318
1667,169.2715,29.75,0.02030634693801403
1668,176.931,29.75,0.02988659217953682
1669,184.5905,29.75,0.024660199880599976
1670,192.25,29.75,0.016867326572537422
1671,199.9095,29.75,0.015993749722838402
1672,207.569,29.75,0.020016664639115334
1673,215.2285,29.75,0.024433186277747154
1674,222.888,29.75,0.01966731995344162
1675,230.5475,29.75,0.032845739275217056
1676,238.207,29.75,0.03308331221342087
1677,245.8665,29.75,0.03637872263789177
1678,253.526,29.75,0.04616487771272659
1679,261.36518,29.75,0.056488703936338425
1680,268.85396,29.75,0.06511231511831284
1681,276.5045,29.75,0.17329654097557068
1682,284.164,29.75,0.2600966989994049
1686,314.80237,29.75,0.18618346750736237
1687,322.46205,29.75,0.2609699070453644
1688,330.12174,29.75,0.09758322685956955
1689,337.78142,29.75,0.08742055296897888
1690,345.44111,29.75,0.057009659707546234
1691,353.10079,29.75,0.08057329058647156
1692,3.8685,36.95,0.0691957026720047
1693,12.25,36.95,0.06506972014904022
1694,20.6315,36.95,0.07121766358613968
1695,29.04478,36.95,0.08305170387029648
1696,37.26374,36.95,0.06083564832806587
1697,45.776,36.95,0.15457259118556976
1703,96.03504,36.95,0.20734070241451263
1704,104.40156,36.95,0.10746592283248901
1705,112.76807,36.95,0.05872635915875435
1706,121.13459,36.95,0.06110434979200363
1707,129.39322,36.95,0.04204343631863594
1708,137.86763,36.95,0.02372904308140278
1709,146.23415,36.95,0.022169368341565132
1710,154.47739,36.95,0.018146326765418053
1711,162.96719,36.95,0.01732850819826126
1712,171.3337,36.95,0.023223228752613068
1713,179.70022,36.95,0.024828337132930756
1714,188.06674,36.95,0.014908199198544025
1715,196.43326,36.95,0.01897849328815937
1716,204.79978,36.95,0.01202229131013155
1717,213.1663,36.95,0.010969629511237144
1718,221.53281,36.95,0.013880782760679722
1719,230.0232,36.95,0.02283474989235401
1720,238.26585,36.95,0.025370217859745026
1721,246.63237,36.95,0.018420040607452393
1722,255.10475,36.95,0.021732980385422707
1723,263.36541,36.95,0.05200124531984329
1724,271.73193,36.95,0.04023159295320511
1725,280.09844,36.95,0.06288579106330872
1726,288.46496,36.95,0.12686027586460114
1730,321.961,36.95,0.29648977518081665
1731,330.3425,36.95,0.168068990111351
1732,338.724,36.95,0.15756408870220184
1733,347.1055,36.95,0.13495492935180664
1734,355.487,36.95,0.14053983986377716
1735,7.65092,44.15,0.08012384176254272
1736,16.84908,44.15,0.10419783741235733
1737,26.04723,44.15,0.09171092510223389
1738,35.24538,44.15,0.08218167722225189
1739,44.44354,44.15,0.24312704801559448
1740,53.64169,44.15,0.27179282903671265
1744,90.53215,44.15,0.1845344752073288
1745,99.77923,44.15,0.12423065304756165
1746,109.02631,44.15,0.08409140259027481
1747,118.27338,44.15,0.0463116355240345
1748,127.52046,44.15,0.03243044391274452
1749,136.76754,44.15,0.02498668059706688
1750,146.01462,44.15,0.015609492547810078
1751,155.08851,44.15,0.01724478043615818
1752,164.50877,44.15,0.014290420338511467
1753,173.75585,44.15,0.022360974922776222
1754,183.04776,44.15,0.01801607757806778
1755,192.06898,44.15,0.016418276354670525
1756,201.49708,44.15,0.018934929743409157
1757,210.74415,44.15,0.013327369466423988
1758,219.99123,44.15,0.025460978969931602
1759,229.41213,44.15,0.02873905748128891
1760,238.48538,44.15,0.029859479516744614
1761,247.73246,44.15,0.012788558378815651
1762,256.97954,44.15,0.028591157868504524
1763,266.22662,44.15,0.04701662063598633
1764,275.47369,44.15,0.059287529438734055
1765,284.72077,44.15,0.08783341199159622
1766,293.96785,44.15,0.2072129100561142
1771,340.05646,44.15,0.19215019047260284
1772,349.29702,44.15,0.1674443930387497
1773,358.27277,44.15,0.10043297708034515
1774,2.41694,51.35,0.18231742084026337
1775,12.04202,51.35,0.2304680347442627
1777,32.0888,51.35,0.19171267747879028
1782,82.71148,51.35,0.2266063392162323
1783,93.19106,51.35,0.17388790845870972
1784,103.77528,51.35,0.08347449451684952
1785,114.0082,51.35,0.06246298551559448
1786,124.44044,51.35,0.050899259746074677
1787,134.87268,51.35,0.024517061188817024
1788,145.30492,51.35,0.01418218668550253
1789,155.73716,51.35,0.017306998372077942
1790,166.1509,51.35,0.016831638291478157
1791,176.60164,51.35,0.018190935254096985
1792,187.03388,51.35,0.022611014544963837
1793,197.46612,51.35,0.015910133719444275
1794,207.89836,51.35,0.012208765372633934
1795,218.3306,51.35,0.013436864130198956
1796,228.76284,51.35,0.02200371026992798
1797,239.19508,51.35,0.020360475406050682
1798,249.56881,51.35,0.030062923207879066
1799,260.05956,51.35,0.039901696145534515
1800,270.4918,51.35,0.0552041120827198
1801,280.92404,51.35,0.054098233580589294
1802,291.35628,51.35,0.1530883014202118
1803,301.78852,51.35,0.188820019364357
1807,342.47474,51.35,0.20912276208400726
1808,352.4112,51.35,0.2389649897813797
1816,90.98986,58.55,0.10221002250909805
1817,102.98986,58.55,0.062193095684051514
1818,115.06828,58.55,0.06467080116271973
1819,126.98986,58.55,0.1662689596414566
1820,138.98986,58.55,0.04515140876173973
1821,150.74265,58.55,0.01628546603024006
1822,163.18423,58.55,0.01388679537922144
1823,174.98986,58.55,0.014598025009036064
1824,186.98986,58.55,0.01806098408997059
1825,198.76305,58.55,0.011430719867348671
1826,210.98986,58.55,0.01782817579805851
1827,222.98986,58.55,0.015562465414404869
1828,234.98986,58.55,0.01574193686246872
1829,246.98986,58.55,0.015195670537650585
1830,258.98986,58.55,0.029133040457963943
1831,270.98986,58.55,0.05090218782424927
1832,283.18423,58.55,0.05167040601372719
1833,294.98986,58.55,0.0930146872997284
1844,83.87953,65.75,0.20644204318523407
1845,98.77722,65.75,0.0827273353934288
1846,113.87953,65.75,0.05075079947710037
1847,128.90751,65.75,0.0708736926317215
1848,143.87953,65.75,0.13874320685863495
1849,158.87953,65.75,0.018233120441436768
1850,173.87953,65.75,0.01720372959971428
1851,188.79757,65.75,0.030781779438257217
1852,203.87953,65.75,0.03519914299249649
1853,218.77723,65.75,0.0197884701192379
1854,233.87953,65.75,0.03837242349982262
1855,248.90752,65.75,0.035397280007600784
1856,263.87953,65.75,0.048857785761356354
1857,278.87953,65.75,0.08033386617898941
1858,293.87953,65.75,0.10292530059814453
1859,308.79758,65.75,0.29916778206825256
1865,52.43831,72.95,0.22662176191806793
1866,72.43831,72.95,0.16521196067333221
1867,92.43831,72.95,0.14116378128528595
1868,112.43831,72.95,0.030932921916246414
1869,132.48467,72.95,0.10776804387569427
1870,152.43831,72.95,0.0767604410648346
1871,172.43831,72.95,0.03865767642855644
1872,192.43831,72.95,0.029588529840111732
1873,212.43831,72.95,0.021997539326548576
1874,232.43831,72.95,0.03735502064228058
1875,252.48468,72.95,0.049442268908023834
1876,272.43831,72.95,0.06278181076049805
1877,292.43831,72.95,0.14217188954353333
1881,7.95311,80.15,0.22201518714427948
1882,35.16493,80.15,0.1487649828195572
1883,62.85724,80.15,0.09991360455751419
1884,90.54955,80.15,0.10401085764169693
1885,118.24185,80.15,0.04229278117418289
1886,145.93416,80.15,0.03179476037621498
1887,173.62647,80.15,0.05879650637507439
1888,201.31878,80.15,0.0321519710123539
1889,229.01109,80.15,0.03977889195084572
1890,256.70339,80.15,0.06745709478855133
1891,284.3957,80.15,0.08087651431560516
1892,311.97099,80.15,0.11613206565380096
1893,339.20093,80.15,0.09872771054506302
1894,90.0,88.5,0.28864237666130066
1895,240.0,88.5,0.10661408305168152
1896,90.0,87.4,0.23098018765449524
1897,240.0,87.4,0.11624791473150253
